{
  "coefficients": [
    -0.4937903744419654,
    0.29836077234591546,
    0.07905281391504367,
    -0.823524749895873,
    0.19985710205500934,
    0.25817057540681715,
    -0.09777837632586671
  ],
  "intercept": 98.8636576308948,
  "feature_names": [
    "temperature_c",
    "humidity_pct",
    "wind_speed_kmh",
    "pressure_hpa",
    "day",
    "month",
    "year"
  ],
  "scaler_mean": [
    28.093291248916874,
    70.00305730907264,
    19.95410323059786,
    1005.1709246193832,
    15.43903948508482,
    5.865948756034171,
    2020.1220448075246
  ],
  "scaler_std": [
    5.737067724368436,
    17.291144008268798,
    11.459677748405046,
    8.66685681520971,
    8.795577557429372,
    3.653062465307376,
    0.3273578117106171
  ]
}